,contractID,contractType,facilityName,latitude,longitude,shortName,sitesWithWaterfront,state,Distance,Bearing,Spots,SpotsNew
72377,NRSO,FEDERAL,ACKERMAN CAMPGROUND,40.7855556,-122.7716667,AKCG,,CA,391.440062285,349.271086042,19.0,19.0
73494,NRSO,FEDERAL,ACORN CAMPGROUND,38.1762611,-120.7997222,ACAM,,CA,135.428923713,45.5339792726,88.0,88.0
70158,NRSO,FEDERAL,AGNEW MEADOWS GROUP CAMP,37.6822222,-119.0894444,AGNM,,CA,251.399725135,80.1287378842,0.0,0.0
70528,NRSO,FEDERAL,ALMANOR,40.2169444,-121.1677778,ALMA,,CA,327.373834844,11.0375965712,14.0,12.0
72376,NRSO,FEDERAL,ALPINE VIEW CAMPGROUND,40.8870639,-122.7658139,AVCG,,CA,402.415342703,349.65400265,19.0,19.0
70984,NRSO,FEDERAL,ANACAPA ISLAND,34.0141917,-119.3677889,CG06,Island,CA,433.647375406,147.356792002,7.0,7.0
120003,CA,STATE,ANGEL ISLAND SP,37.8641667,-122.4308333,ANGE,,CA,75.4221879473,322.384022008,0.0,0.0
110004,EB,COUNTY,Anthony Chabot,37.7352778,-122.0961111,ANTH,,CA,48.2883532988,339.768410305,23.0,21.0
71514,NRSO,FEDERAL,ANTLERS,40.8875,-122.3775,ANTS,,CA,397.664225902,354.28091596,40.0,40.0
120006,CA,STATE,ANZA-BORREGO DESERT SP,33.2686111,-116.4052778,ANZA,,CA,672.337137736,130.498512702,17.0,17.0
70160,NRSO,FEDERAL,ARROYO SECO,36.2397222,-121.4786111,ARRS,,CA,126.74624732,162.403359662,0.0,0.0
71938,NRSO,FEDERAL,ASPEN GROUP (INYO),37.5236111,-118.7119444,ASPR,,CA,282.707272072,84.6139907402,0.0,0.0
71674,NRSO,FEDERAL,ASPEN GROUP (TAHOE),39.5072222,-120.54,ASGR,,CA,269.819921202,25.7331691401,0.0,0.0
71546,NRSO,FEDERAL,ASPEN HOLLOW GROUP,36.7811111,-118.9027778,ASPH,,CA,273.173832326,101.938439123,0.0,0.0
71586,NRSO,FEDERAL,BADGER FLATS GROUP,37.2694444,-119.115,BADG,,CA,246.805702204,90.6568852059,1.0,1.0
71521,NRSO,FEDERAL,BAILEY COVE,40.8016667,-122.2819444,BAIL,,CA,387.4034388,355.316070661,0.0,0.0
75445,NRSO,FEDERAL,BANDIDO GROUP CAMPGROUND,34.3452778,-118.0047222,BDDO,,CA,482.992993674,132.161549283,0.0,0.0
70181,NRSO,FEDERAL,BARTON FLATS,34.1722222,-116.8744444,BART,,CA,573.324697935,126.201833927,28.0,27.0
75010,NRSO,FEDERAL,BEAR RIVER GROUP CAMPGROUND,38.5338889,-120.2188889,BGC1,,CA,199.582508122,47.2957926522,0.0,0.0
71587,NRSO,FEDERAL,BELKNAP,36.1416667,-118.5997222,BELK,,CA,322.581135883,113.117820958,4.0,4.0
75426,NRSO,FEDERAL,BERGER,39.6277778,-120.6447222,BRGR,,CA,278.147385191,22.8445334879,3.0,2.0
120009,CA,STATE,BIG BASIN REDWOODS SP,37.1852778,-122.2286111,BIGB,,CA,32.6218332964,241.075240693,0.0,0.0
75483,NRSO,FEDERAL,BIG BEND GROUP (YUBA RIVER),39.3063889,-120.5194444,BIBG,,CA,250.91912599,28.3760999515,0.0,0.0
71607,NRSO,FEDERAL,BIG COVE,39.9019444,-120.1725,BIG2,,CA,323.231403257,27.2159495366,11.0,11.0
70551,NRSO,FEDERAL,BIG MEADOW STANISLAUS NATL FS,38.4163889,-120.105,BIGD,,CA,198.98565855,52.0072664936,0.0,0.0
70518,NRSO,FEDERAL,BIG PINE CANYON,37.1283333,-118.4222222,BIGP,,CA,309.036465134,93.0554458637,0.0,0.0
70617,NRSO,FEDERAL,BIG PINE CREEK CAMPGROUND,37.1258333,-118.4325,BPCC,,CA,308.154740428,93.1221456035,0.0,0.0
73627,NRSO,FEDERAL,BIG SILVER GROUP,38.8791667,-120.3625,BSIL,,CA,218.951736065,37.5838671068,0.0,0.0
70519,NRSO,FEDERAL,BISHOP PARK GROUP,37.2438889,-118.5933333,BISH,,CA,293.027205393,90.8171622415,0.0,0.0
110452,EB,COUNTY,Black Diamond Mines Regional Preserve,37.9583333,-37121.8630556,BDMP,,CA,6803.56760906,62.3738594922,0.0,0.0
940023,CTLN,COUNTY,BLACK JACK CAMPGROUND,33.3858333,-118.4061111,CI23,,CA,540.728110877,143.062848782,3.0,3.0
70236,NRSO,FEDERAL,BLACK MOUNTAIN (SAN BERNARDINO),33.8341667,-116.7388889,BLAM,,CA,607.108750749,128.208829734,0.0,0.0
72306,NRSO,FEDERAL,BLACK MOUNTAIN LOOKOUT,40.1152778,-120.3211111,BMLC,,CA,338.865240339,23.430170485,0.0,0.0
70237,NRSO,FEDERAL,BLACK OAK,38.9041667,-120.5875,BOSM,,CA,209.708494178,32.9427040623,0.0,0.0
70953,NRSO,FEDERAL,BLACK ROCK CAMPGROUND,34.0716667,-116.3891667,CG37,,CA,615.267316087,124.3721349,0.0,0.0
70169,NRSO,FEDERAL,BLUFF MESA GROUP CAMP,34.2233333,-116.975,BLUG,,CA,562.572404053,126.34705941,0.0,0.0
73091,NRSO,FEDERAL,BOAT-IN SITES (LAKE SONOMA),38.7083333,-123.0,BOIS,,CA,180.855161756,328.36305117,76.0,76.0
74128,NRSO,FEDERAL,BOCA CAMPGROUND,39.3941667,-120.1055556,BOCA,,CA,278.099059711,33.7861912241,12.0,12.0
74129,NRSO,FEDERAL,BOCA REST CAMPGROUND,39.4191667,-120.0863889,BORE,,CA,281.319181649,33.7372259326,31.0,31.0
74130,NRSO,FEDERAL,BOCA SPRING,39.4225,-120.0786111,BOSP,,CA,282.005009589,33.8055211403,13.0,13.0
120011,CA,STATE,BOTHE-NAPA VALLEY SP,38.5458333,-122.5344444,BOTH,,CA,146.137448374,338.05481233,0.0,0.0
70240,NRSO,FEDERAL,BOULDER BASIN,33.8263889,-116.7538889,BOUL,,CA,606.638610913,128.356627771,12.0,12.0
71725,NRSO,FEDERAL,BOULDER CREEK (CA),40.1833333,-120.6119444,BOUK,,CA,336.555471843,19.061414291,28.0,28.0
70170,NRSO,FEDERAL,BOULDER GROUP CAMP,34.2233333,-116.975,BOUG,,CA,562.572404053,126.34705941,0.0,0.0
71569,NRSO,FEDERAL,BOULDER GULCH,35.6725,-118.4691667,BOGU,,CA,357.859589122,119.894975915,58.0,58.0
70146,NRSO,FEDERAL,BOULDER OAKS EQST,32.7302778,-116.4825,CLEV,,CA,710.065124943,134.402672048,0.0,0.0
74127,NRSO,FEDERAL,BOYINGTON MILL,39.4375,-120.0908333,BOYI,,CA,282.776546005,33.4377300488,11.0,11.0
120012,CA,STATE,BRANNAN ISLAND SRA,38.1104833,-121.6970167,BRAN,,CA,88.907284877,11.8663103275,94.0,94.0
72462,NRSO,FEDERAL,BUCKEYE FLAT CAMPGROUND,36.5210556,-118.7625972,C462,Riverfront,CA,293.274068796,106.847226097,0.0,0.0
73102,NRSO,FEDERAL,BUCKHORN,39.8120972,-122.3668389,BHOR,,CA,278.96474358,351.892817246,38.0,34.0
70575,NRSO,FEDERAL,BURNT RANCHERIA,32.8613889,-116.4161111,BURN,,CA,703.650360463,133.226752971,48.0,48.0
73100,NRSO,FEDERAL,BUSHAY RECREATION AREA,39.2350056,-123.1659333,BUAY,Lakefront,CA,238.73930425,332.981477051,109.0,108.0
70754,NRSO,FEDERAL,BUSHYTAIL,40.855,-122.8188889,BUSH,,CA,399.792297437,348.929266773,10.0,10.0
120013,CA,STATE,BUTANO SP,37.2227778,-122.3022222,BUTA,,CA,36.9170577307,251.709336811,0.0,0.0
74186,NRSO,FEDERAL,BUTTE LAKE,40.565,-121.3052778,BUTL,,CA,363.470795872,8.02573174685,24.0,24.0
74195,NRSO,FEDERAL,BUTTE LAKE GROUP,40.565,-121.3052778,BUTG,,CA,363.470795872,8.02573174685,,
70171,NRSO,FEDERAL,BUTTERCUP GROUP CAMP,34.2352778,-116.8802778,BUTT,,CA,568.508476155,125.687544122,0.0,0.0
75428,NRSO,FEDERAL,CAL-IDA,39.52,-120.9966667,CALI,,CA,256.157991577,17.7225122211,9.0,9.0
120014,CA,STATE,CALAVERAS BIG TREES SP,38.2719444,-120.2866667,CALA,,CA,176.715035282,53.0815091144,2.0,2.0
72184,NRSO,FEDERAL,CAMP 4 GROUP CAMPGROUND,41.2338889,-121.9838889,CFCG,Riverfront,CA,434.127303677,359.141341553,0.0,0.0
73975,NRSO,FEDERAL,CAMP 9,35.6983333,-118.4291667,LAK9,,CA,359.430029903,119.201739635,10.0,10.0
71677,NRSO,FEDERAL,CAMP THREE CAMPGROUND,35.8066667,-118.4527778,CAMT,,CA,351.481983211,117.703501104,19.0,20.0
110284,NRSO,FEDERAL,CANYON VIEW GROUP SITES,36.7872222,-118.6652778,C284,,CA,293.592654543,100.823953418,,
73937,NRSO,FEDERAL,CAPPS CROSSING,38.6511111,-120.4061111,CAPP,,CA,197.188645493,41.3143697624,0.0,0.0
75437,NRSO,FEDERAL,CARLTON,39.5191667,-120.9997222,CRTN,,CA,255.987976169,17.6733381877,1.0,1.0
120015,CA,STATE,CARPINTERIA SB,34.3919444,-119.5202778,CARP,,CA,390.603782361,145.923840047,0.0,0.0
120016,CA,STATE,CASTLE CRAGS SP,41.1711111,-122.3505556,CAST,,CA,428.806845258,355.022388963,60.0,60.0
120017,CA,STATE,CASWELL MEMORIAL SP,37.6933333,-121.1866667,CASW,,CA,75.3166391709,57.1338906022,60.0,60.0
71589,NRSO,FEDERAL,CATAVEE,37.2525,-119.1769444,CATA,,CA,241.417391046,91.156376424,12.0,12.0
71722,NRSO,FEDERAL,CEDAR BLUFF,37.3077778,-119.5441667,CEDF,,CA,208.745060056,89.8915253908,3.0,3.0
71995,NRSO,FEDERAL,CERRO ALTO CAMPGROUND,35.4275,-120.7383333,NW05,,CA,235.588038186,153.326074305,0.0,0.0
75436,NRSO,FEDERAL,CHAPMAN,39.6294444,-120.5447222,CHPM,,CA,281.858843483,24.423695843,14.0,14.0
73541,NRSO,FEDERAL,CHEKAKA RECREATION AREA LAKE MENDOCINO,39.2030556,-123.1863889,CHEK,,CA,236.442135801,332.202461714,0.0,0.0
110533,NRSO,FEDERAL,CHERRY VALLEY,37.9855556,-119.9169444,D533,,CA,189.648633984,66.7220940102,14.0,14.0
71609,NRSO,FEDERAL,CHILCOOT,39.8655556,-120.1661111,CHCO,,CA,319.93826721,27.6453560668,6.0,6.0
71670,NRSO,FEDERAL,CHILKOOT,37.3627778,-119.5386111,CHKO,,CA,209.184003729,88.2142702401,10.0,10.0
120018,CA,STATE,CHINA CAMP SP,38.0008333,-122.4605556,CHIN,Oceanfront,CA,89.2981921839,327.063132505,1.0,1.0
124900,CA,STATE,CHINO HILLS SP,,,CHSP,,CA,,,0.0,0.0
71705,NRSO,FEDERAL,CHRISTIE CAMPGROUND,40.5663889,-120.8387833,CHTR,,CA,371.523617462,14.0421862311,39.0,38.0
120019,CA,STATE,CLEAR LAKE SP,39.0066667,-122.8141667,CLEA,,CA,202.739334843,337.243230331,105.0,105.0
73062,NRSO,FEDERAL,Codorniz Recreation Area Campground,37.2158333,-119.9686111,CODO,,CA,171.779953189,93.5627414951,79.0,79.0
120020,CA,STATE,COL. ALLENSWORTH SHP,35.8636111,-119.3869444,COLA,,CA,277.443165559,125.144117862,115.0,115.0
71655,NRSO,FEDERAL,COLD CREEK,39.5427778,-120.3147222,COCR,,CA,282.43817013,28.8771661192,6.0,6.0
75150,NRSO,FEDERAL,COLDWATER CAMPGROUND,37.5991667,-118.9969444,CLDW,,CA,258.357399236,82.4114502001,0.0,0.0
71590,NRSO,FEDERAL,COLLEGE,37.2519444,-119.1688889,COLL,Lakefront,CA,242.132098504,91.162697073,1.0,0.0
120021,CA,STATE,COLUSA-SACRAMENTO RIVER SRA,39.2211111,-122.0130556,COLU,,CA,210.612370197,357.493821573,11.0,11.0
75172,NRSO,FEDERAL,CONVICT LAKE CAMPGROUND,37.5988889,-118.8508333,CONL,Lakefront,CA,271.156523198,82.691504153,0.0,0.0
70250,NRSO,FEDERAL,COON CREEK GROUP CAMPGROUND,34.1488889,-116.7094444,COON,,CA,586.771152188,125.460844402,0.0,0.0
71611,NRSO,FEDERAL,COTTONWOOD (CA),39.8847222,-120.2366667,COTT,,CA,318.978163247,26.5130802595,6.0,6.0
71657,NRSO,FEDERAL,COTTONWOOD CREEK,39.5494444,-120.3163889,COTC,,CA,283.009916928,28.7773722304,39.0,39.0
70951,NRSO,FEDERAL,COTTONWOOD GROUP,33.75,-115.825,CG39,,CA,678.299464042,124.068136172,,
75444,NRSO,FEDERAL,COULTER GROUP CAMPGROUND,34.3227778,-118.0177778,CLTR,,CA,483.895505978,132.472538616,0.0,0.0
70251,NRSO,FEDERAL,COUNCIL,34.1713889,-116.8816667,COUN,,CA,572.868357852,126.251005646,1.0,1.0
71552,NRSO,FEDERAL,COVE GROUP,36.665,-118.8380556,COVG,,CA,282.064501295,104.206737924,0.0,0.0
71689,NRSO,FEDERAL,COY FLAT,36.1291667,-118.6180556,COYF,,CA,321.685988451,113.466304696,18.0,18.0
70252,NRSO,FEDERAL,COYOTE GROUP,39.1355556,-120.4105556,COYO,,CA,239.579141253,32.5561797733,0.0,0.0
73609,NRSO,FEDERAL,COYOTE POINT,37.9844444,-120.8447222,COYP,Lakefront,CA,118.511869875,51.6664308895,,
70790,NRSO,FEDERAL,CRAB FLATS,34.2616667,-117.0833333,CRAB,,CA,552.176121296,126.657601909,19.0,19.0
70758,NRSO,FEDERAL,CRAGS CAMPGROUND,38.1736111,-119.3041667,CRAG,,CA,247.177236252,66.8558037753,5.0,5.0
70930,NRSO,FEDERAL,CRANE FLAT,37.7638889,-119.8444444,CG60,,CA,187.998401047,74.4323786266,0.0,0.0
71719,NRSO,FEDERAL,CRANE VALLEY,37.3330556,-119.5852778,CRVA,,CA,205.066726571,89.12996686,3.0,3.0
70147,NRSO,FEDERAL,CRESTLINE GROUP,33.3127778,-116.8647222,CREG,,CA,638.547749234,132.822474465,0.0,0.0
123400,CA,STATE,CRYSTAL COVE SP MORO CAMPGROUND,33.5631417,-117.8220556,B400,,CA,558.177216062,137.327177532,0.0,0.0
120022,CA,STATE,CRYSTAL COVE SP PRIMITIVE TENT CAMPING,33.5705556,-117.81,CRYS,,CA,558.272562313,137.184931895,32.0,32.0
70677,NRSO,FEDERAL,CRYSTAL LAKE,34.3255556,-117.8372222,CRYS,,CA,495.578141537,131.095771079,0.0,0.0
75266,NRSO,FEDERAL,CURLY JACK CAMPGROUND,41.7936111,-123.3827778,CURJ,,CA,512.121631422,346.165190496,1.0,1.0
120023,CA,STATE,CUYAMACA RANCHO SP,32.9358333,-116.5616667,CUYA,,CA,688.302334521,133.570041909,72.0,72.0
120099,CA,STATE,D.L. BLISS SP,38.9822222,-120.095,BLIS,,CA,242.578021802,40.1643294233,0.0,0.0
71591,NRSO,FEDERAL,DEER CREEK,37.2519444,-119.1769444,DEAR,Lakefront,CA,241.420425759,91.1710151953,0.0,0.0
70172,NRSO,FEDERAL,DEER GROUP CAMP,34.225,-116.9141667,DEER,,CA,566.795693911,125.974573901,0.0,0.0
71515,NRSO,FEDERAL,DEKKAS ROCK,40.8747222,-122.2375,DEKK,,CA,395.197069231,355.956903476,0.0,0.0
120024,CA,STATE,Del Norte Coast Redwood SP Mill Creek Campground,41.6708333,-124.1172222,DELN,,CA,518.484857482,339.249595941,15.0,15.0
110003,EB,COUNTY,Del Valle,37.5691667,-121.6872222,DELV,,CA,33.0588495682,35.6734139941,6.0,6.0
75427,NRSO,FEDERAL,DIABLO,39.6330556,-120.6377778,DILO,,CA,278.923115676,22.9081100015,4.0,4.0
96770,NRSO,FEDERAL,DILLON CREEK CAMPGROUND,41.5733333,-123.5430556,D770,,CA,492.233843816,343.936429571,9.0,9.0
73632,NRSO,FEDERAL,DIMOND O,37.825,-119.8611111,DIMO,Riverfront,CA,188.387447353,72.320271179,0.0,0.0
70376,NRSO,FEDERAL,DINKEY CREEK,37.0730556,-119.1538889,DINK,,CA,245.238238145,95.7923238848,1.0,1.0
73747,NRSO,FEDERAL,DIRT FLAT,37.6633333,-119.8444444,DIRT,,CA,185.55234623,77.7781172322,0.0,0.0
70258,NRSO,FEDERAL,DOGWOOD                                      ,34.2352778,-117.2091667,DOGW,,CA,545.197724497,127.668629436,0.0,0.0
120025,CA,STATE,DOHENY SB,33.4622222,-117.68,DOHE,Oceanfront,CA,575.248167926,137.048364524,0.0,0.0
120029,CA,STATE,DONNER MEMORIAL SP,39.32,-120.2419444,DONN,,CA,264.683408597,32.724033853,0.0,0.0
71601,NRSO,FEDERAL,DORABELLE CAMPGROUND,37.1138889,-119.3097222,DORA,,CA,230.971453396,95.1178265798,0.0,0.0
70940,NRSO,FEDERAL,Dorst Creek Campground-Sequoia and Kings Canyon National Park,36.6361111,-118.8097222,CG50,,CA,285.390116972,104.685939387,0.0,0.0
107633,NRSO,FEDERAL,DRIPPING SPRINGS CAMPGROUND (CA),33.4638889,-116.9708333,DRSC,,CA,619.67010898,132.389254633,15.0,15.0
70934,NRSO,FEDERAL,DRY CREEK GROUP CAMPGROUND (Whiskeytown NRA),40.6255556,-122.5808333,CG56,Lakefront,CA,371.077576087,351.173507667,,
73750,NRSO,FEDERAL,DRY GULCH,37.6633333,-119.8444444,DRYG,,CA,185.55234623,77.7781172322,0.0,0.0
70529,NRSO,FEDERAL,EAGLE CAMPGROUND,40.54785,-120.7830556,EAGL,,CA,370.762315965,14.8267957757,22.0,22.0
70804,NRSO,FEDERAL,EAST FORK CALIFORNIA,37.4836111,-118.7175,EASF,,CA,281.985622227,85.509871513,7.0,7.0
71529,NRSO,FEDERAL,EAST MEADOW CAMPGROUND,39.5008333,-120.5325,EAME,,CA,269.474277107,25.9230537684,0.0,0.0
120030,CA,STATE,EL CAPITAN SB,34.46,-120.0202778,ELCA,,CA,361.050261213,151.396722638,0.0,0.0
70148,NRSO,FEDERAL,EL PRADO GROUP,32.8869444,-116.4555556,ELPR,,CA,699.055143095,133.284703344,0.0,0.0
71522,NRSO,FEDERAL,ELLERY CREEK,40.9158333,-122.2408333,ELLE,,CA,399.773733676,355.965450727,0.0,0.0
120031,CA,STATE,EMERALD BAY SP,38.9544444,-120.0930556,EMER,,CA,240.379009743,40.6799970889,0.0,0.0
71645,NRSO,FEDERAL,EMIGRANT GROUP,39.4705556,-120.1163889,EMIG,,CA,284.584516893,32.6543728136,0.0,0.0
120032,CA,STATE,EMMA WOOD SB,34.2852778,-119.3247222,EMMA,,CA,410.353312627,144.704988109,,
72398,NRSO,FEDERAL,ESHOM CAMPGROUND,36.6891,-118.9504,EHCG,,CA,271.701731456,104.246614904,11.0,11.0
71678,NRSO,FEDERAL,FAIRVIEW CAMPGROUND,35.9288889,-118.4922222,FAVI,Riverfront,CA,341.805528103,116.021280107,5.0,5.0
70144,NRSO,FEDERAL,FALCON GROUP,33.6558333,-117.4602778,FALC,,CA,572.82691829,134.098275454,3.0,3.0
71531,NRSO,FEDERAL,FALLEN LEAF CAMPGROUND,38.9263889,-120.05,FALF,,CA,240.585365172,41.8359161193,0.0,0.0
74162,NRSO,FEDERAL,FASHODA,38.8682,-120.3974611,FASH,,CA,216.120365508,37.1576961992,0.0,0.0
70410,NRSO,FEDERAL,FAUCHERIE,39.4166667,-120.5997222,FAUC,,CA,258.527895295,25.7147889064,0.0,0.0
70752,NRSO,FEDERAL,FAWN ,40.8444444,-122.8433333,FAWN,,CA,399.064901344,348.606103582,0.0,0.0
70173,NRSO,FEDERAL,FERN BASIN,33.7886111,-116.7377778,FERN,,CA,610.533097268,128.560383628,13.0,12.0
75432,NRSO,FEDERAL,FIDDLE CREEK,39.5183333,-120.9925,FIDD,,CA,256.094531759,17.8114152076,1.0,0.0
71518,NRSO,FEDERAL,FINDLEY CAMPGROUND,39.4847222,-120.5530556,FIND,,CA,267.0829496,25.7583720497,8.0,8.0
72124,NRSO,FEDERAL,FIR COVE CAMPGROUND,40.3441667,-123.4030556,FCCG,Lakefront,CA,359.361934681,339.331712513,5.0,5.0
71553,NRSO,FEDERAL,FIR GROUP,36.6641667,-118.8416667,FIGR,,CA,281.780825288,104.242942544,0.0,0.0
71517,NRSO,FEDERAL,FIR TOP CAMPGROUND,39.4855556,-120.5502778,FIRT,,CA,267.27248718,25.795159335,1.0,1.0
71600,NRSO,FEDERAL,FISH CREEK (CA),37.2602778,-119.3527778,FICR,,CA,225.841683652,91.1271196212,0.0,0.0
96769,NRSO,FEDERAL,FISH LAKE CAMPGROUND,41.2641667,-123.6844444,D769,Lakefront,CA,463.373007116,341.288337668,12.0,12.0
73950,NRSO,FEDERAL,FISHERMANS GROUP,34.2467083,-117.1108222,FISG,,CA,551.291369371,126.958151987,4.0,4.0
120034,CA,STATE,FOLSOM LAKE SRA,38.7316667,-121.1319444,FOLS,,CA,170.094818917,23.2394731396,28.0,28.0
70266,NRSO,FEDERAL,FORBES CREEK,39.1311111,-120.7819444,FORB,,CA,223.135005461,25.7431830991,0.0,0.0
71666,NRSO,FEDERAL,FORKS CAMPGROUND,37.3130556,-119.57,FRKS,,CA,206.449613394,89.7433225146,0.0,0.0
120033,CA,STATE,FORT TEJON SHP,34.8727778,-118.8991667,FORT,,CA,383.769682872,134.402492094,,
73703,NRSO,FEDERAL,FOUR JEFFREY,37.25,-118.55,FOJE,,CA,296.82339438,90.6495473319,3.0,3.0
74120,NRSO,FEDERAL,FREMONT CAMPGROUND,34.5430556,-119.8202778,FRCA,,CA,361.880585646,148.14618611,6.0,6.0
120209,CA,STATE,FREMONT PEAK SP,36.7608333,-121.5013889,FREM,,CA,72.5027793044,150.201239303,12.0,12.0
70803,NRSO,FEDERAL,FRENCH CAMP,37.5525,-118.6791667,FREN,,CA,285.798729797,84.0060348405,27.0,27.0
71559,NRSO,FEDERAL,FRENCH GULCH,35.6708333,-118.4722222,FREG,,CA,357.72362111,119.943547447,0.0,0.0
70268,NRSO,FEDERAL,FRENCH MEADOWS,39.1138889,-120.4238889,FREM,,CA,236.937108785,32.645522286,38.0,38.0
70377,NRSO,FEDERAL,FRENCHMAN,39.8997222,-120.1866667,FRMN,,CA,322.442905456,27.0477122893,10.0,10.0
72313,NRSO,FEDERAL,FRY CREEK CAMPGROUND,33.345,-116.88,FRYC,,CA,634.995150471,132.688408499,12.0,12.0
70978,NRSO,FEDERAL,FURNACE CREEK,36.4630556,-116.8677778,CG12,,CA,457.889008705,100.590585448,0.0,0.0
70269,NRSO,FEDERAL,GATES GROUP,39.1413889,-120.4091667,GATE,,CA,240.185978746,32.494675479,0.0,0.0
120036,CA,STATE,GEORGE J. HATFIELD SRA,37.3577778,-120.9594444,GEOR,,CA,83.7004310262,87.4242756935,,
70270,NRSO,FEDERAL,GERLE CREEK,38.975,-120.3916667,GERL,Riverfront,CA,225.876308373,35.3998857277,1.0,2.0
71676,NRSO,FEDERAL,GIANT GAP,39.1388889,-120.7922222,GIGA,,CA,223.517644798,25.4411424245,0.0,0.0
74080,NRSO,FEDERAL,GLORY HOLE RECREATION AREA,38.0075,-120.5402778,GLOR,,CA,141.915962943,57.4231804303,11.0,11.0
71679,NRSO,FEDERAL,GOLDLEDGE CAMPGROUND,35.8777778,-118.4563889,GOED,,CA,347.341662982,116.597928321,11.0,10.0
71516,NRSO,FEDERAL,GOOSE MEADOWS,39.2575,-120.2091667,GOOM,,CA,260.550418789,34.0887838021,9.0,9.0
71671,NRSO,FEDERAL,GRANITE FLAT (CALIFORNIA),39.2991667,-120.2036111,GRFL,,CA,264.621510463,33.5961811318,25.0,25.0
71613,NRSO,FEDERAL,GRASSHOPPER FLAT,39.8905556,-120.4769444,GRAS,,CA,310.649520903,23.1021186281,8.0,7.0
70527,NRSO,FEDERAL,GRASSY FLAT CAMPGROUND,41.8563889,-123.8888889,GRFC,,CA,531.078405292,341.982165004,6.0,6.0
70273,NRSO,FEDERAL,GRAYS MEADOWS,36.7688889,-118.295,GRAM,,CA,326.218120419,99.8811973694,19.0,19.0
70174,NRSO,FEDERAL,GRAYS PEAK GROUP CAMP,34.2733333,-116.9705556,GRAY,,CA,559.392957673,125.879194653,0.0,0.0
70274,NRSO,FEDERAL,GREEN CREEK GROUP,38.1108333,-119.2761111,GREC,,CA,247.006865499,68.5704955778,0.0,0.0
70697,NRSO,FEDERAL,GREEN SPOT EQUESTRIAN GROUP CAMP,34.2233333,-116.8061111,GRES,,CA,574.668272735,125.36614204,1.0,1.0
70275,NRSO,FEDERAL,GREEN VALLEY,34.2447222,-117.0619444,GREV,,CA,554.889753981,126.678686521,11.0,10.0
71616,NRSO,FEDERAL,GRIZZLY,39.8872222,-120.4725,GRIZ,,CA,310.465614169,23.193846025,9.0,9.0
120037,CA,STATE,GRIZZLY CREEK REDWOODS SP,40.4841667,-123.9055556,GRIZ,,CA,391.032657055,334.382680263,19.0,19.0
120038,CA,STATE,GROVER HOT SPRINGS SP,38.7005556,-119.8366667,GROV,,CA,236.843558127,49.2681834143,2.0,2.0
70594,NRSO,FEDERAL,GURNSEY CREEK,40.3088889,-121.4266667,GURN,,CA,333.873842928,6.99248936729,0.0,0.0
120039,CA,STATE,HALF MOON BAY SB,37.4597222,-122.4441667,HALF,,CA,49.7180157611,287.325925348,0.0,0.0
70560,NRSO,FEDERAL,HALLSTED,40.0175,-121.0730556,HALL,Riverfront,CA,307.513458619,13.3340597875,19.0,19.0
70553,NRSO,FEDERAL,HAMPSHIRE ROCKS,39.3105556,-120.4966667,HAMP,,CA,252.284251132,28.7129207987,20.0,20.0
70532,NRSO,FEDERAL,HANNA FLAT,34.2877778,-116.9744444,HANN,,CA,558.110412629,125.773531029,59.0,59.0
70530,NRSO,FEDERAL,HAT CREEK,40.6677778,-121.4455556,HATC,,CA,373.289855763,5.97237686326,0.0,0.0
70515,NRSO,FEDERAL,HAYWARD FLAT,40.8744444,-122.7691667,HAYW,,CA,401.091834484,349.576590787,22.0,22.0
71599,NRSO,FEDERAL,HEADQUARTERS,35.7958333,-118.4511111,HEAD,,CA,352.21131564,117.861457501,2.0,2.0
70603,NRSO,FEDERAL,HEART BAR CAMPGROUND,34.1586111,-116.7858333,HEA4,,CA,580.610273809,125.80918471,52.0,51.0
70278,NRSO,FEDERAL,HEART BAR EQUESTRIAN,34.1586111,-116.7858333,HEA2,,CA,580.610273809,125.80918471,1.0,1.0
120041,CA,STATE,HENRY COWELL REDWOODS SP,37.0236111,-122.0519444,HENR,,CA,36.1751762061,200.958402918,0.0,0.0
120109,CA,STATE,HENRY W COE SP,37.18,-121.55,HCOE,,CA,35.5173055286,117.415751938,2.0,2.0
940012,CTLN,COUNTY,HERMIT GULCH,33.3311111,-118.3488889,CI12,,CA,548.754851271,142.971112072,31.0,31.0
73203,NRSO,FEDERAL,HIDDEN VIEW,37.1247222,-119.8972222,HIDV,,CA,179.174835483,96.623423489,52.0,52.0
71523,NRSO,FEDERAL,HIRZ BAY,40.8666667,-122.2530556,HIRT,,CA,394.403785007,355.75775225,26.0,26.0
71927,NRSO,FEDERAL,HIRZ BAY GROUP 1,40.8666667,-122.2530556,HIR1,,CA,394.403785007,355.75775225,1.0,1.0
71928,NRSO,FEDERAL,HIRZ BAY GROUP 2,40.8666667,-122.2530556,HIR2,,CA,394.403785007,355.75775225,0.0,0.0
70929,NRSO,FEDERAL,HODGDON MEADOW,37.7988889,-119.8658333,CG61,,CA,187.187896822,73.1363741401,0.0,0.0
71606,NRSO,FEDERAL,HOLEY MEADOW,35.9541667,-118.6180556,HOLE,,CA,330.504128803,116.513673203,9.0,9.0
70687,NRSO,FEDERAL,HOLIDAY GROUP CAMPGROUND,34.5172222,-119.2769444,HOLG,,CA,391.774290236,142.074501972,0.0,0.0
70280,NRSO,FEDERAL,HONEYMOON FLAT,38.2013889,-119.32,HONE,,CA,247.04824433,66.0719154297,0.0,0.0
70458,NRSO,FEDERAL,HOPE VALLEY,38.8972778,-119.930125,HOPV,Riverfront,CA,245.486981396,44.1209546929,0.0,0.0
73511,NRSO,FEDERAL,HORSE CREEK,36.3905556,-118.9547222,HCRE,,CA,282.306689502,110.755909145,64.0,64.0
70149,NRSO,FEDERAL,HORSE HEAVEN GROUP,32.8875,-116.4408333,HORG,,CA,699.958124417,133.199573798,0.0,0.0
71595,NRSO,FEDERAL,HOSPITAL FLAT,35.8286111,-118.4577778,HOSP,,CA,349.885544904,117.393301638,11.0,11.0
120042,CA,STATE,HUMBOLDT REDWOODS SP,40.3144444,-123.915,HUMB,,CA,374.684623282,332.968893056,57.0,57.0
71547,NRSO,FEDERAL,HUME LAKE,36.7947222,-118.9047222,HULA,,CA,272.650031454,101.638243766,0.0,0.0
71568,NRSO,FEDERAL,HUNGRY GULCH,35.6719444,-118.4722222,HUNG,,CA,357.658231068,119.926762042,74.0,74.0
70561,NRSO,FEDERAL,HUTCHINS,39.8830556,-121.1991667,HUTC,,CA,290.521303215,11.9795381888,0.0,0.0
70283,NRSO,FEDERAL,ICE HOUSE,38.8233333,-120.3588889,ICEH,,CA,214.332686522,38.6828402954,0.0,0.0
70952,NRSO,FEDERAL,INDIAN COVE CAMPGROUND,34.12,-116.1558333,CG38,,CA,629.223192771,122.78761093,0.0,0.0
120043,CA,STATE,INDIAN GRINDING ROCK SHP,,,INDI,,CA,,,22.0,22.0
75213,NRSO,FEDERAL,INDIAN SCOTTY GROUP SITE,41.6322222,-123.0819444,INDG,Riverfront,CA,488.842123713,348.465003598,0.0,0.0
75486,NRSO,FEDERAL,INDIAN SPRINGS,39.3293389,-120.5694306,INSP,,CA,251.096757736,27.2358426399,18.0,18.0
75438,NRSO,FEDERAL,INDIAN VALLEY,39.5133333,-120.9833333,INVA,,CA,255.816731514,18.0177398536,0.0,0.0
70176,NRSO,FEDERAL,IRONWOOD GROUP CAMP,34.3038889,-117.0119444,IROW,,CA,554.304095836,125.851357994,1.0,1.0
73223,NRSO,FEDERAL,ISLAND PARK,36.8646444,-119.3157278,PAR2,,CA,235.28735817,101.848727969,85.0,85.0
71581,NRSO,FEDERAL,JACKASS MEADOW,37.2797222,-118.9636111,JAAS,,CA,260.138713918,90.2822712569,22.0,21.0
73582,NRSO,FEDERAL,JACKSON FLATS,34.3608333,-117.7991667,JACK,,CA,495.441103008,130.488328931,0.0,0.0
120044,CA,STATE,JEDEDIAH SMITH REDWOODS SP,41.7816667,-124.1008333,JEDE,,CA,529.41238828,339.889207063,0.0,0.0
110133,NRSO,FEDERAL,JUANITA LAKE GROUP CAMPSITE,41.8161111,-122.1216667,E133,Lakefront,CA,499.116448576,357.948007345,,
120045,CA,STATE,JULIA PFEIFFER BURNS SP,36.1711111,-121.6722222,JULI,,CA,130.201932629,170.726457319,0.0,0.0
70564,NRSO,FEDERAL,JUNE LAKE,37.7819444,-119.0738889,JUNE,,CA,254.55236353,77.7018938202,0.0,0.0
75409,NRSO,FEDERAL,JUNIPER LAKE GROUP,40.4511111,-121.2958333,JLGR,,CA,351.077434663,8.45674513125,,
70177,NRSO,FEDERAL,JUNIPER SPRINGS GROUP CAMP,34.2197222,-116.7163889,JUNS,,CA,581.400325232,124.892104204,1.0,1.0
71663,NRSO,FEDERAL,KASPIAN CAMPGROUND,39.1144444,-120.1586111,KASP,,CA,250.383452029,37.0001289996,0.0,0.0
71668,NRSO,FEDERAL,KELTY MEADOW,37.4402778,-119.5438889,KELT,,CA,208.948473021,85.8508871945,3.0,3.0
71592,NRSO,FEDERAL,KINNIKINNICK,37.2527778,-119.1777778,KINN,,CA,241.342251426,91.1499127597,6.0,6.0
70972,NRSO,FEDERAL,KIRBY COVE CAMPGROUND,37.84035,-122.4888889,CG18,Oceanfront,CA,76.6762948396,318.162351946,0.0,0.0
71993,NRSO,FEDERAL,KIRK CREEK CAMPGROUND,35.9916667,-121.4941667,NW03,,CA,152.940092661,165.984065328,0.0,0.0
109334,NRSO,FEDERAL,KIT CARSON CAMPGROUND,38.7767778,-119.8946111,KITC,Riverfront,CA,238.550034761,46.929717046,0.0,0.0
73240,NRSO,FEDERAL,KYEN CAMPGROUND AND OAK GROVE DAY USE AREA,39.2366667,-123.1777778,KYEN,,CA,239.379490181,332.786194653,56.0,56.0
70576,NRSO,FEDERAL,LAGUNA,32.8872222,-116.4463889,LAGN,,CA,699.622694783,133.232102375,23.0,23.0
73584,NRSO,FEDERAL,LAKE CAMPGROUND,34.3905556,-117.7233333,LAKE,,CA,498.337013409,129.664833572,1.0,1.0
72775,NRSO,FEDERAL,LAKE MARY CAMPGROUND,37.6069444,-119.0075,LMRC,,CA,257.522321021,82.1991137613,0.0,0.0
120046,CA,STATE,LAKE OROVILLE SRA,39.528225,-121.4455222,OROV,Lakefront,CA,247.797879962,9.16917283396,201.0,201.0
120069,CA,STATE,LAKE PERRIS SRA,33.8491667,-117.1886111,PERR,,CA,575.31766867,130.805213682,391.0,391.0
70167,NRSO,FEDERAL,LAKES BASIN,39.6666667,-120.6577778,LAKB,,CA,281.672494367,22.2838686563,0.0,0.0
71519,NRSO,FEDERAL,LAKESHORE EAST,40.8719444,-122.3880556,LASH,,CA,396.039579192,354.126989573,4.0,4.0
74131,NRSO,FEDERAL,LAKESIDE (TRUCKEE),39.3844444,-120.1722222,LATR,,CA,273.968703993,32.9328592886,23.0,23.0
120047,CA,STATE,LEO CARRILLO SB,34.0441667,-118.9383333,LEOC,,CA,452.588978636,142.840997177,0.0,0.0
72074,NRSO,FEDERAL,LEWIS at FRENCH MEADOWS,39.1302778,-120.4169444,LRME,,CA,238.786204262,32.5235892324,30.0,30.0
73251,NRSO,FEDERAL,LIBERTY GLEN (LAKE SONOMA),38.7136111,-123.0563889,LGLE,,CA,184.005171371,327.173928792,96.0,96.0
75443,NRSO,FEDERAL,LIGHTNING POINT GROUP CAMPGROUND,34.3719444,-118.1830556,LTPT,,CA,469.323165269,133.301461013,0.0,0.0
71615,NRSO,FEDERAL,LIGHTNING TREE,39.9254556,-120.5104944,LIGH,,CA,313.058511976,22.3350555001,7.0,7.0
120048,CA,STATE,LIMEKILN SP,36.0530556,-121.5694444,LIME,Riverfront,CA,144.786427124,167.941204347,0.0,0.0
123440,NRSO,FEDERAL,LIMESTONE CAMPGROUND,35.9633333,-118.4788889,E440,,CA,341.086120902,115.358781281,4.0,4.0
123507,CA,STATE,LITTLE BASIN STATE PARK,37.1553333,-122.2031667,LBSP,,CA,32.519694351,234.003796059,,
72431,NRSO,FEDERAL,LITTLE BEAVER A CAMPGROUND ,39.745,-120.9875,LBAC,Riverfront,CA,280.234061713,16.2698217272,22.0,22.0
940021,CTLN,COUNTY,LITTLE HARBOR CAMPGROUND,33.3866667,-118.4730556,CI21,,CA,537.119284569,143.601086105,0.0,0.0
71563,NRSO,FEDERAL,LIVE OAK,35.7027778,-118.4611111,LIVO,,CA,356.711162501,119.374308048,0.0,0.0
75185,NRSO,FEDERAL,LIVE OAK SOUTH,35.7027778,-118.4611111,LIOA,,CA,356.711162501,119.374308048,0.0,0.0
70291,NRSO,FEDERAL,LOBO GROUP,34.1755556,-116.8625,LOBO,,CA,573.943316228,126.103814669,0.0,0.0
70941,NRSO,FEDERAL,Lodgepole Campground-Sequoia and Kings Canyon National Park,36.6067111,-118.7258,CG49,Riverfront,CA,293.497658002,104.880494289,0.0,0.0
70688,NRSO,FEDERAL,LODGEPOLE GROUP LAKE ALPINE,38.4163889,-120.105,LOD2,,CA,198.98565855,52.0072664936,0.0,0.0
75431,NRSO,FEDERAL,LOGANVILLE,39.5647222,-120.6611111,LOVI,,CA,271.169462436,23.1662725067,15.0,15.0
71643,NRSO,FEDERAL,LOGGER CAMPGROUND,39.4663889,-120.1286111,LOGC,,CA,283.617547511,32.5302249058,141.0,141.0
71541,NRSO,FEDERAL,LOGGER FLAT GROUP,36.7755556,-118.8936111,LOGG,,CA,274.11339179,102.023269196,0.0,0.0
70292,NRSO,FEDERAL,LONE PINE,36.5976111,-118.1848056,LONP,,CA,340.209671122,102.671570969,0.0,0.0
71723,NRSO,FEDERAL,LONE ROCK (CA),40.1952778,-120.6172222,LON1,Lakefront,CA,337.652627892,18.9132902681,17.0,17.0
71605,NRSO,FEDERAL,LONG MEADOW GROUP,35.9791667,-118.5805556,LONM,,CA,332.168114127,115.814676104,1.0,1.0
71724,NRSO,FEDERAL,LONG POINT (CA),40.1783333,-120.5783333,LALO,Lakefront,CA,337.01569667,19.5499960153,10.0,10.0
108733,NRSO,FEDERAL,Lookout Campground,39.5888972,-120.0736111,B733,,CA,297.584250279,31.8330062377,0.0,0.0
70293,NRSO,FEDERAL,LOON LAKE,38.9833333,-120.33,LOON,,CA,229.810393523,36.3329055697,0.0,0.0
73962,NRSO,FEDERAL,LOS PRIETOS,34.5416667,-119.8091667,LOSP,,CA,362.53239148,148.020227925,12.0,12.0
110538,NRSO,FEDERAL,LOST CLAIM,37.8211111,-120.0486111,B538,,CA,172.535758383,70.9061740938,0.0,0.0
74049,NRSO,FEDERAL,LOST CREEK GROUP,40.5625,-121.5166667,LOCR,,CA,361.038674693,5.22741231872,,
71714,NRSO,FEDERAL,LOWER BILLY CREEK,37.2380556,-119.2277778,BILO,Lakefront,CA,237.011212155,91.5970527915,0.0,0.0
71717,NRSO,FEDERAL,LOWER LITTLE TRUCKEE,39.4855556,-120.2363889,LOLI,,CA,280.416065446,30.7151720533,14.0,14.0
70928,NRSO,FEDERAL,LOWER PINES,37.7408333,-119.5666667,CG62,,CA,211.196917393,76.73431576,0.0,0.0
70352,NRSO,FEDERAL,LOWER TWIN LAKES AT BRIDGEPORT,38.1727778,-119.3311111,LOTL,,CA,244.955251229,66.6735843245,0.0,0.0
71579,NRSO,FEDERAL,LUPINE,37.3077778,-119.5441667,LUPE,,CA,208.745060056,89.8915253908,2.0,2.0
120049,CA,STATE,MACKERRICHER SP,39.4933333,-123.7925,MACK,,CA,291.352487681,326.266820647,0.0,0.0
120050,CA,STATE,MALAKOFF DIGGINS SHP,39.3738889,-120.9136111,MALA,,CA,243.272879475,20.5194997511,28.0,28.0
120051,CA,STATE,MALIBU CREEK SP,34.1033333,-118.7330556,MALI,,CA,458.566943102,140.437562356,0.0,0.0
71597,NRSO,FEDERAL,MAMMOTH POOL,37.3441667,-119.3311111,MAMM,,CA,227.513023222,88.7583028545,0.0,0.0
120052,CA,STATE,MANCHESTER SP,38.9738889,-123.7113889,MANC,,CA,241.551035756,319.78021937,,
120053,CA,STATE,MANRESA SB,36.9241667,-121.8555556,MANR,,CA,45.0656325928,174.281680941,0.0,0.0
74045,NRSO,FEDERAL,MANZANITA LAKE,40.5291667,-121.5638889,MANL,,CA,356.990394389,4.64654503329,0.0,0.0
70178,NRSO,FEDERAL,MARION MOUNTAIN,33.7916667,-116.7319444,MARI,,CA,610.711147161,128.502925065,13.0,13.0
72375,NRSO,FEDERAL,MARY SMITH CAMPGROUND,40.9261111,-122.9152778,MSCG,,CA,409.218845487,348.042321535,8.0,8.0
120054,CA,STATE,MCARTHUR-BURNEY FALLS MEM SP,41.0188889,-121.6502778,MCAR,,CA,410.774914533,2.9951751683,0.0,0.0
120055,CA,STATE,MCCONNELL SRA,37.4152778,-120.71,MCCO,,CA,106.077821535,84.3731591381,5.0,5.0
70520,NRSO,FEDERAL,MCGEE CREEK,37.5644444,-118.7847222,MCGE,,CA,276.624647622,83.595175295,15.0,15.0
70166,NRSO,FEDERAL,MCGILL CAMPGROUND,34.8155556,-119.0983333,MCGI,,CA,376.168673324,137.070500708,0.0,0.0
120056,CA,STATE,MCGRATH SB,34.2263889,-119.2613889,MCGR,,CA,419.028321657,144.540981178,0.0,0.0
71664,NRSO,FEDERAL,MEEKS BAY,39.0377778,-120.1236111,MEEK,,CA,245.659679007,38.7809553503,0.0,0.0
71706,NRSO,FEDERAL,MERRILL CAMPGROUND,40.5481194,-120.8120056,MERI,,CA,370.144459836,14.4607542951,37.0,37.0
70151,NRSO,FEDERAL,MIDDLE MEADOWS,39.0511111,-120.4661111,MIDM,,CA,229.111739781,32.850653815,0.0,0.0
120057,CA,STATE,MILLERTON LAKE SRA,37.0202778,-119.6669444,MILL,,CA,201.182420557,99.0985733375,112.0,112.0
72378,NRSO,FEDERAL,MINERSVILLE CAMPGROUND,40.8516667,-122.8113889,MVCG,,CA,399.302640049,349.007184872,5.0,5.0
1040011,STAN,COUNTY,MODESTO RESERVOIR REGIONAL PARK,37.6597222,-120.6555556,MDST,96,CA,116.267477747,71.1182753347,81.0,81.0
71582,NRSO,FEDERAL,MONO CREEK,37.3586111,-118.9975,MONO,,CA,256.976947763,88.3519972141,11.0,11.0
71583,NRSO,FEDERAL,MONO HOT SPRINGS,37.3263889,-119.0177778,MOHS,,CA,255.217520462,89.1568710388,0.0,0.0
120058,CA,STATE,MONTANA DE ORO SP,35.2638889,-120.8622222,MONT,,CA,247.660737229,157.510510905,0.0,0.0
71524,NRSO,FEDERAL,MOORE CREEK,40.8838889,-122.2177778,MOOR,,CA,396.094007924,356.207015268,0.0,0.0
110456,EB,COUNTY,Morgan Territory Regional Preserve,37.8191667,-121.7955556,MTRP,,CA,55.4754397163,10.0743199216,0.0,0.0
120059,CA,STATE,MORRO BAY SP,35.3538889,-120.8316667,MORR,,CA,239.493326713,156.003770484,0.0,0.0
120060,CA,STATE,MORRO STRAND SB,35.4277778,-120.8819444,MORS,,CA,230.151092605,156.233705505,0.0,0.0
70459,NRSO,FEDERAL,MOUNT ROSE (NV) ,39.3122778,-119.8973611,MOUR,,CA,281.597333524,37.8348438242,0.0,0.0
120063,CA,STATE,MOUNT TAMALPAIS SP,37.9038889,-122.595,MTTA,,CA,88.1864936527,316.766934107,0.0,0.0
73583,NRSO,FEDERAL,MOUNTAIN OAK,34.3947222,-117.7294444,MOUN,,CA,497.610816726,129.668560791,0.0,0.0
120061,CA,STATE,MT. DIABLO SP,37.8627778,-121.93,MTDI,,CA,59.4979177466,357.980378399,51.0,51.0
120062,CA,STATE,MT. SAN JACINTO SP,33.8102778,-116.675,MTSA,,CA,613.296944241,128.031843353,26.0,26.0
71525,NRSO,FEDERAL,NELSON POINT,40.8483333,-122.3458333,NELS,,CA,393.063364286,354.600508955,0.0,0.0
71530,NRSO,FEDERAL,NEVADA BEACH CAMPGROUND,38.9819444,-119.9486111,NEVA,Lakefront,CA,251.086017187,42.3369170251,0.0,0.0
120064,CA,STATE,NEW BRIGHTON SB,36.9786111,-121.9347222,NEWB,,CA,38.8751751902,183.747560272,0.0,0.0
73771,NRSO,FEDERAL,NEW SHADY REST CAMPGROUND,37.65,-118.9591667,NSRC,,CA,262.290063078,81.2569089854,7.0,6.0
75212,NRSO,FEDERAL,NORDHEIMER GROUP SITES,41.2986111,-123.3638889,NORD,,CA,458.701840316,344.601785609,3.0,3.0
75481,NRSO,FEDERAL,NORTH FORK (CA),39.2705556,-120.6588889,NOFR,,CA,241.743752136,26.3540089361,1.0,1.0
70927,NRSO,FEDERAL,NORTH PINES,37.7419444,-119.5655556,CG63,,CA,211.317836417,76.7069773303,0.0,0.0
70604,NRSO,FEDERAL,NORTH SHORE (CA),34.2672222,-117.1633333,NOS1,,CA,546.127183064,127.097996454,14.0,13.0
75502,NRSO,FEDERAL,OAK BOTTOM CAMPGROUND,41.3772222,-123.4513889,OABC,,CA,469.161482611,344.046096026,7.0,7.0
109083,NRSO,FEDERAL,OAK GROVE CAMPGROUND,33.386525,-116.7913694,C083,,CA,637.514690887,131.868567533,55.0,55.0
73639,NRSO,FEDERAL,OAK KNOLL CAMPGROUND,38.18265,-120.8030556,OAKK,,CA,135.71190759,45.2325064557,49.0,49.0
72310,NRSO,FEDERAL,OBSERVATORY CAMPGROUND,33.3416667,-116.8786111,OBSC,,CA,635.350030594,132.703498186,12.0,9.0
70155,NRSO,FEDERAL,OBSIDIAN FLAT,37.7333333,-119.0166667,OBSI,,CA,258.580271669,79.0831388787,1.0,1.0
120065,CA,STATE,OCEANO DUNES SVRA,35.1055556,-120.6291667,OCEA,,CA,272.174940894,154.747338163,999.0,999.0
70565,NRSO,FEDERAL,OH RIDGE,37.7969444,-119.0616667,OHRI,,CA,255.917258214,77.3790194356,0.0,0.0
73735,NRSO,FEDERAL,OLD SHADY REST CAMPGROUND,37.65,-118.9616667,OLDS,,CA,262.071720518,81.2510883495,1.0,1.0
70303,NRSO,FEDERAL,ONION VALLEY,36.7747222,-118.3455556,ONIO,,CA,321.681891978,99.9355300834,0.0,0.0
73307,NRSO,FEDERAL,ORLAND BUTTES,39.7721972,-122.3528472,OBUT,,CA,274.404507647,352.004549089,29.0,29.0
73490,NRSO,FEDERAL,OSO GROUP,34.1755556,-116.8625,OSOG,,CA,573.943316228,126.103814669,0.0,0.0
75425,NRSO,FEDERAL,PACKSADDLE,39.6238889,-120.6497222,PASA,,CA,277.580022098,22.7993409058,3.0,3.0
70306,NRSO,FEDERAL,PAHA,38.1791667,-119.325,PAHA,,CA,245.714594967,66.5659143116,0.0,0.0
120066,CA,STATE,PALOMAR MOUNTAIN SP,33.3375,-116.9094444,PALO,,CA,633.682732474,132.918076739,0.0,0.0
70649,NRSO,FEDERAL,PANTHER FLAT CAMPGROUND,41.8430556,-123.9305556,PANF,,CA,530.832912978,341.577485036,11.0,11.0
73782,NRSO,FEDERAL,PARADISE,34.5422222,-119.8127778,PARA,,CA,362.310425523,148.060181252,10.0,10.0
71566,NRSO,FEDERAL,PARADISE COVE,35.6491667,-118.425,PARD,,CA,362.615314057,119.909153677,50.0,50.0
940022,CTLN,COUNTY,PARSON LANDING CAMPGROUND,33.4722222,-118.5502778,CI22,,CA,525.228491244,143.65909951,0.0,0.0
71527,NRSO,FEDERAL,PASS CREEK CAMPGROUND,39.5040667,-120.5343778,PASS,,CA,269.722698634,25.8581136577,1.0,0.0
70640,NRSO,FEDERAL,PATRICK CREEK CAMPGROUND,41.8719444,-123.8466667,PATR,,CA,531.571148816,342.399668212,6.0,6.0
120067,CA,STATE,PATRICKS POINT SP,41.1361111,-124.1602778,PATR,,CA,465.523168916,336.076128582,1.0,1.0
75492,NRSO,FEDERAL,PEARCH CREEK CAMPGROUND,41.3088889,-123.5208333,PEAR,,CA,463.652640838,343.086693242,3.0,3.0
120068,CA,STATE,PFEIFFER BIG SUR SP,36.2530556,-121.7811111,PFEI,Riverfront,CA,119.936726966,174.641165226,0.0,0.0
70566,NRSO,FEDERAL,PINE GLEN,37.6491667,-118.9552778,PING,,CA,262.618545318,81.2860021056,0.0,0.0
71526,NRSO,FEDERAL,PINE POINT,40.9272222,-122.2480556,PIPO,,CA,401.081097571,355.892402014,0.0,0.0
70541,NRSO,FEDERAL,PINECREST,38.1908333,-119.9972222,PINC,,CA,193.188606372,59.651159801,1.0,0.0
70585,NRSO,FEDERAL,PINEKNOT,34.2352778,-116.8830556,PINK,,CA,568.309131947,125.703626756,4.0,0.0
73635,NRSO,FEDERAL,PINES GROUP STANISLAUS,37.8166667,-120.0833333,PINS,,CA,169.484702156,70.747038367,0.0,0.0
73984,NRSO,FEDERAL,PINNACLES CAMPGROUND,36.4663889,-121.1761111,CGPI,Oceanfront,CA,115.625633807,145.651394343,95.0,94.0
71567,NRSO,FEDERAL,PIONEER POINT,35.6516667,-118.4861111,PIOP,,CA,357.79662591,120.339417238,73.0,73.0
70597,NRSO,FEDERAL,PIONEER TRAIL,38.1875,-119.9875,PION,,CA,193.750839988,59.8692516976,0.0,0.0
70554,NRSO,FEDERAL,PIPI CAMPGROUND,38.5736111,-120.4375,PIPI,,CA,189.017307738,42.457360248,2.0,2.0
120070,CA,STATE,PISMO SB,35.1077778,-120.6297222,PISM,,CA,271.929294996,154.735441682,0.0,0.0
70161,NRSO,FEDERAL,PLASKETT CREEK CAMPGROUND,35.9172222,-121.465,PLAS,,CA,161.60043424,165.778240803,0.0,0.0
120100,CA,STATE,PLUMAS-EUREKA SP,39.7780556,-120.6955556,PLUM,,CA,291.902894848,20.7487135306,6.0,6.0
120072,CA,STATE,POINT MUGU SP,34.0855556,-119.06,MUGU,,CA,442.39199761,143.677632661,0.0,0.0
72393,NRSO,FEDERAL,Point Reyes National Seashore Campground,37.9966667,-122.975,PRNS,Oceanfront,CA,119.86537956,308.654893767,0.0,0.0
71996,NRSO,FEDERAL,PONDEROSA CAMPGROUND,36.005,-121.3763889,NW06,,CA,154.381815646,162.032578486,0.0,0.0
72294,NRSO,FEDERAL,PONDEROSA COVE CAMPGROUND,38.8741667,-120.6027778,PCOV,,CA,206.203816177,33.1521075627,0.0,0.0
120073,CA,STATE,PORTOLA REDWOODS SP,37.2511111,-122.2041667,PORT,,CA,27.6922033534,252.19152047,0.0,0.0
72461,NRSO,FEDERAL,POTWISHA CAMPGROUND,36.5174444,-118.800375,C461,,CA,290.211348592,107.136188733,0.0,0.0
120074,CA,STATE,PRAIRIE CREEK REDWOODS SP ELK PRAIRIE CAMPGROUND,41.4072222,-124.0191667,PRAI,,CA,488.288710206,338.841125918,0.0,0.0
124700,CA,STATE,PRAIRIE CREEK REDWOODS SP GOLD BLUFFS BEACH CAMPGROUND,41.3835722,-124.0694611,C700,,CA,487.490909269,338.267061367,0.0,0.0
71548,NRSO,FEDERAL,PRINCESS,36.8027778,-118.9369444,PRCS,,CA,269.653353235,101.594807656,49.0,49.0
75053,NRSO,FEDERAL,PROSSER FAMILY,39.3777778,-120.1605556,PRSS,,CA,273.917993354,33.1933675243,19.0,19.0
70183,NRSO,FEDERAL,PROSSER RANCH GROUP,39.3787972,-120.1552,POCA,,CA,274.270875998,33.2594690461,0.0,0.0
70159,NRSO,FEDERAL,PUMICE FLAT GROUP CAMP,37.6488889,-119.0736111,PUMI,,CA,252.282813745,81.0066032209,,
72292,NRSO,FEDERAL,PYRAMID LAKE - LOS ALAMOS CAMPGROUND,34.65,-118.7666667,PLLA,,CA,410.097864449,135.57674342,87.0,87.0
71610,NRSO,FEDERAL,QUAKING ASPEN,36.1208333,-118.5472222,QUAK,,CA,327.830272862,113.134716988,24.0,24.0
75433,NRSO,FEDERAL,RAMSHORN,39.5394444,-120.9113889,RAMS,,CA,260.581293657,19.0994401551,11.0,11.0
71593,NRSO,FEDERAL,RANCHERIA,37.2477778,-119.1611111,RANC,Lakefront,CA,242.842442571,91.2638354213,22.0,21.0
71720,NRSO,FEDERAL,RECREATION POINT,37.3286111,-119.5777778,RECR,,CA,205.734633558,89.2657927305,0.0,0.0
70562,NRSO,FEDERAL,RED FEATHER CALIFORNIA,39.7352778,-120.9530556,REDF,Lakefront,CA,280.070880769,16.9103813834,16.0,16.0
70612,NRSO,FEDERAL,RED FIR,39.0022222,-120.3125,REDI,,CA,232.396041103,36.3155908845,0.0,0.0
71608,NRSO,FEDERAL,REDWOOD MEADOW,35.9777778,-118.5916667,REDW,,CA,331.35675544,115.918901981,4.0,4.0
120075,CA,STATE,REFUGIO SB,34.4622222,-120.0713889,REFU,,CA,358.6907509,152.042307548,0.0,0.0
72148,NRSO,FEDERAL,REVERSED CREEK CAMPGROUND,37.7703306,-119.084275,RVCC,,CA,253.421145399,77.9509410573,0.0,0.0
120076,CA,STATE,RICHARDSON GROVE SP,40.0172222,-123.7916667,RICH,,CA,340.69287752,331.890666667,53.0,52.0
70317,NRSO,FEDERAL,ROBINSON CREEK NORTH,38.1861111,-119.3175,ROBI,,CA,246.610322713,66.4561281057,0.0,0.0
71943,NRSO,FEDERAL,ROBINSON CREEK SOUTH,38.1861111,-119.3175,ROBS,,CA,246.610322713,66.4561281057,0.0,0.0
71598,NRSO,FEDERAL,ROCK CREEK (SIERRA NATL FORES,37.2911111,-119.3594444,ROCK,,CA,225.118668401,90.2627965014,0.0,0.0
73836,NRSO,FEDERAL,ROCK CREEK LAKE,37.4538222,-118.7390139,RCLK,,CA,279.960732447,86.169554815,0.0,0.0
70521,NRSO,FEDERAL,ROCK CREEK LAKE GROUP CAMP,37.4538222,-118.7390139,ROCC,,CA,279.960732447,86.169554815,,
75439,NRSO,FEDERAL,ROCKY REST,39.5138889,-120.9744444,RORE,,CA,256.119200428,18.1749551275,0.0,0.0
73569,NRSO,FEDERAL,RUNNING DEER CAMPGROUND,39.7352778,-120.9530556,RUNN,Lakefront,CA,280.070880769,16.9103813834,17.0,17.0
120077,CA,STATE,RUSSIAN GULCH SP,39.3330556,-123.7738889,RUSS,,CA,275.973396252,324.422355181,,
120078,CA,STATE,SADDLEBACK BUTTE SP,34.6777778,-117.8041667,SADD,,CA,471.821126485,127.388402022,,
70164,NRSO,FEDERAL,SAGE HILL,34.5391667,-119.7911111,SAGE,,CA,363.618287184,147.818669231,2.0,2.0
75430,NRSO,FEDERAL,SALMON CREEK,39.6236111,-120.6122222,SACR,,CA,278.852047048,23.4064696619,1.0,3.0
120080,CA,STATE,SALT POINT SP,38.5752778,-123.3119444,SALT,,CA,185.455196513,318.807220898,81.0,81.0
120079,CA,STATE,SALTON SEA SRA,33.4177778,-115.8308333,SALS,,CA,701.021606495,126.491155122,0.0,0.0
120081,CA,STATE,SAMUEL P. TAYLOR SP,38.0258333,-122.7266667,SAMU,Riverfront,CA,105.958025661,317.318914927,0.0,0.0
120082,CA,STATE,SAN CLEMENTE SB,33.4030556,-117.6038889,SANC,,CA,584.832463349,136.940407551,0.0,0.0
120083,CA,STATE,SAN ELIJO SB,33.0247222,-117.2855556,SANE,,CA,636.042097585,137.371866116,0.0,0.0
70182,NRSO,FEDERAL,SAN GORGONIO,34.1744444,-116.8663889,SANG,,CA,573.743551788,126.135928881,37.0,34.0
120084,CA,STATE,SAN LUIS RESERVOIR SRA,37.0522222,-121.1130556,SANL,,CA,76.588774229,113.319152681,136.0,136.0
70983,NRSO,FEDERAL,SAN MIGUEL ISLAND,34.0406028,-120.3490889,CG07,Island,CA,391.363205165,158.498179702,0.0,9.0
120085,CA,STATE,SAN ONOFRE SB,33.3727778,-117.5647222,SANO,,CA,589.751948608,136.884621426,0.0,0.0
120086,CA,STATE,SAN SIMEON SP,35.5836111,-121.1205556,SANS,,CA,206.135260902,159.851773598,134.0,134.0
72076,NRSO,FEDERAL,SANDY FLAT,35.5744444,-118.5255556,SANF,,CA,359.496476604,121.799598754,26.0,26.0
70982,NRSO,FEDERAL,SANTA BARBARA ISLAND,33.47985,-119.0298917,CG08,Island,CA,500.635792276,147.803563439,0.0,0.0
70981,NRSO,FEDERAL,SANTA CRUZ DEL NORTE BACKCOUNTRY,34.0108333,-119.6602778,CG09,Island,CA,420.632832629,150.524682218,0.0,0.0
70980,NRSO,FEDERAL,SANTA CRUZ SCORPION,34.0482444,-119.5615972,CG10,Island,CA,421.370528314,149.167286354,0.0,0.0
70979,NRSO,FEDERAL,SANTA ROSA ISLAND,33.99105,-120.0481472,CG11,Island,CA,406.941851981,155.110097719,4.0,4.0
75265,NRSO,FEDERAL,SARAH TOTTEN CAMPGROUND,41.7841667,-123.0430556,SATO,,CA,504.700548052,349.231085041,2.0,2.0
75429,NRSO,FEDERAL,SARDINE LAKE,39.6188889,-120.6175,SARD,,CA,278.188254076,23.3659158397,0.0,0.0
70533,NRSO,FEDERAL,SERRANO,34.2613889,-116.9194444,SERR,,CA,563.886533852,125.685334932,0.0,0.0
73900,NRSO,FEDERAL,SHADY COVE GROUP CAMPGROUND,34.2083139,-117.0468333,SHAC,,CA,558.539747764,126.908520703,0.0,0.0
70950,NRSO,FEDERAL,SHEEP PASS GROUP,33.9991667,-116.1180556,CG40,,CA,640.013987434,123.575794508,,
70567,NRSO,FEDERAL,SHERWIN CREEK,37.63,-118.935,SHEC,,CA,264.143904472,81.791373111,19.0,17.0
71675,NRSO,FEDERAL,SHIRTTAIL CREEK,39.1444444,-120.7847222,SHCR,,CA,224.356815125,25.5199192687,6.0,6.0
110550,EB,COUNTY,Sibley Volcanic Regional Preserve,37.8477778,-122.1983333,SVRP,,CA,63.2638974083,336.087394027,0.0,0.0
75435,NRSO,FEDERAL,SIERRA,39.6308333,-120.5586111,SRRA,,CA,281.493358704,24.1914075778,14.0,14.0
70460,NRSO,FEDERAL,Silver Creek,38.5889722,-119.7871667,SILC,,CA,232.609515286,52.3012832812,8.0,8.0
74160,NRSO,FEDERAL,SILVER CREEK GROUP CAMPGROUND,38.8269444,-120.39,SILG,,CA,212.936680518,38.0556569323,0.0,0.0
71672,NRSO,FEDERAL,SILVER CREEK-TRUCKEE,39.2230556,-120.2008333,SICR,,CA,257.848431345,34.7088696313,9.0,9.0
75194,NRSO,FEDERAL,SILVER LAKE CAMPGROUND JUNE LAKE (CA,37.7830556,-119.1263889,SLVL,,CA,250.044517871,77.479891891,0.0,0.0
70555,NRSO,FEDERAL,SILVER LAKE EAST- ELDORADO,38.675,-119.8875,SILE,,CA,231.635378326,49.117043585,0.0,0.0
71673,NRSO,FEDERAL,SILVERTIP GROUP,39.4866667,-120.5475,SIGR,,CA,267.489713741,25.8289242751,0.0,0.0
120088,CA,STATE,SILVERWOOD LAKE SRA,34.2911111,-117.3275,SILV,,CA,532.904596349,127.917837875,8.0,6.0
70327,NRSO,FEDERAL,SKYLINE,34.1555556,-116.7830556,SKYL,,CA,581.02211198,125.819508185,0.0,0.0
120089,CA,STATE,SONOMA COAST SB,38.3866667,-123.0833333,SONO,,CA,156.574378339,319.085806663,0.0,0.0
71669,NRSO,FEDERAL,SOQUEL CAMPGROUND,37.405,-119.5605556,SOQU,,CA,207.328887247,86.9139965099,9.0,9.0
120090,CA,STATE,SOUTH CARLSBAD SB,33.1038889,-117.3186111,SOUT,,CA,627.331136774,137.07066961,0.0,0.0
73802,NRSO,FEDERAL,SOUTH FORK GROUP (CA),38.76,-120.5205556,SOUF,,CA,200.085133852,36.8763478124,0.0,0.0
74125,NRSO,FEDERAL,SOUTH SHORE CAMPGROUND,38.5330556,-120.2347222,SOSH,,CA,198.494665335,47.0515790888,1.0,1.0
75247,NRSO,FEDERAL,SPANISH CREEK CAMPGROUND,40.0269444,-120.9644444,SPNC,Riverfront,CA,310.873263396,14.9421513312,24.0,24.0
71578,NRSO,FEDERAL,SPRING COVE,37.3005556,-119.5413889,SPCO,,CA,209.010597621,90.109957469,1.0,1.0
71612,NRSO,FEDERAL,SPRING CREEK,39.8958333,-120.1763889,SPCR,,CA,322.476294965,27.2212817904,10.0,10.0
120091,CA,STATE,STANDISH-HICKEY SRA,39.8794444,-123.7372222,STAN,,CA,325.087556117,331.284128353,65.0,65.0
70753,NRSO,FEDERAL,STONEY GROUP SHASTA-TRINITY,40.8513889,-122.8502778,STON,,CA,399.941236128,348.547221041,0.0,0.0
71554,NRSO,FEDERAL,STONY CREEK SEQUOIA,36.6647222,-118.8316667,STCR,,CA,282.620349667,104.18081339,0.0,0.0
70336,NRSO,FEDERAL,STUMPY MEADOWS,38.9041667,-120.5916667,STUM,,CA,209.50849423,32.8607608878,23.0,19.0
120093,CA,STATE,SUGAR PINE POINT SP,39.0575,-120.1213889,SUGP,,CA,247.467594764,38.4895761133,0.0,0.0
120092,CA,STATE,SUGARLOAF RIDGE SP,38.445,-122.5011111,SUGA,,CA,134.680064427,337.385216198,0.0,0.0
73745,NRSO,FEDERAL,SUMMERDALE CAMPGROUND,37.4706472,-119.6427333,SUMD,Riverfront,CA,200.436418602,84.7676861449,0.0,0.0
74047,NRSO,FEDERAL,SUMMIT LAKE NORTH,40.4944444,-121.425,SULN,,CA,354.353434687,6.59162660117,0.0,0.0
74046,NRSO,FEDERAL,SUMMIT LAKE SOUTH,40.4902778,-121.4236111,SULS,,CA,353.907900305,6.61950413298,0.0,0.0
110028,EB,COUNTY,Sunol,37.5152778,-121.8327778,SUNO,,CA,21.826032524,17.2240416764,0.0,0.0
110283,NRSO,FEDERAL,SUNSET CAMPGROUND (CA),36.7377778,-118.9647222,B283,,CA,269.026098017,103.213947073,57.0,58.0
120094,CA,STATE,SUNSET SB,36.8816667,-121.8272222,SUNS,,CA,50.0559304073,171.948219909,0.0,0.0
70310,NRSO,FEDERAL,SUNSET-UNION VALLEY,38.8658333,-120.405,SUNP,,CA,215.511288772,37.0643160653,0.0,0.0
71665,NRSO,FEDERAL,SWEETWATER,37.365,-119.3522222,SWWA,,CA,225.647335554,88.1729271429,9.0,9.0
75545,NRSO,FEDERAL,SYCAMORE GROVE CAMPGROUND,40.1560528,-122.2040694,SYGV,,CA,315.359808873,355.395292012,25.0,25.0
73585,NRSO,FEDERAL,TABLE MOUNTAIN (ANGELES),34.3863889,-117.6894444,TBLE,,CA,500.955522612,129.465487527,27.0,28.0
70522,NRSO,FEDERAL,TABLE MOUNTAIN (INYO),37.2080556,-118.5683333,TABL,,CA,295.458638885,91.5675072547,0.0,0.0
120095,CA,STATE,TAHOE SRA,39.1752778,-120.1338889,TAHO,,CA,257.030462197,36.4441731018,0.0,0.0
70180,NRSO,FEDERAL,TANGLEWOOD GROUP CAMP,34.2922222,-116.8644444,TANG,,CA,565.723852162,125.09416979,0.0,0.0
70516,NRSO,FEDERAL,TANNERY,40.8366667,-122.8480556,TACA,,CA,398.302303827,348.524365498,24.0,24.0
125740,NRSO,FEDERAL,TEN MILE CAMPGROUND (CA),36.7941667,-118.9077778,F740,Springs,CA,272.399956332,101.664179302,1.0,1.0
73960,NRSO,FEDERAL,TENT PEG GROUP,34.2652778,-117.0833333,TENT,,CA,551.921065654,126.625408308,0.0,0.0
71667,NRSO,FEDERAL,TEXAS FLATS,37.3927778,-119.5816667,TEXA,,CA,205.430555377,87.2775722867,1.0,1.0
71570,NRSO,FEDERAL,TILLIE CREEK,35.7013889,-118.4544444,TILL,,CA,357.30503905,119.345111,76.0,76.0
70832,NRSO,FEDERAL,TRAILHEAD GROUP,37.9642,-119.2724,TRAG,,CA,242.27990641,72.2250974357,0.0,0.0
75332,NRSO,FEDERAL,TREE OF HEAVEN CAMPGROUND,41.7841667,-123.0430556,TREE,,CA,504.700548052,349.231085041,15.0,15.0
72331,NRSO,FEDERAL,TRIMMER CAMPGROUND,36.9044444,-119.2936111,TRCA,,CA,236.221086416,100.694271564,4.0,4.0
70349,NRSO,FEDERAL,TRUMBULL LAKE,38.0505556,-119.2572222,TRUM,,CA,246.386224062,70.1667881565,0.0,0.0
70523,NRSO,FEDERAL,TUFF CAMPGROUND,37.5625,-118.6641667,TUFF,,CA,287.196710196,83.8033329285,10.0,10.0
73451,NRSO,FEDERAL,TULE,36.0802778,-118.9022222,TUL2,,CA,301.37114815,116.478894051,94.0,94.0
70556,NRSO,FEDERAL,TUNNEL MILLS II,39.2527778,-120.6516667,TUNN,,CA,240.273301146,26.700789438,0.0,0.0
70926,NRSO,FEDERAL,TUOLUMNE MEADOWS,37.8711111,-119.36,CG64,,CA,232.150970593,74.1491032978,0.0,0.0
120096,CA,STATE,TURLOCK LAKE SRA,37.6272222,-120.5813889,TURL,Riverfront,CA,121.471541609,73.6947490768,13.0,13.0
74079,NRSO,FEDERAL,TUTTLETOWN RECREATION AREA,37.9838889,-120.5080556,TUTT,,CA,142.98423911,58.9124030707,5.0,5.0
75193,NRSO,FEDERAL,TWIN LAKES CAMPGROUND,37.6158333,-119.0069444,TWNL,,CA,257.676700335,81.9817777632,0.0,0.0
940011,CTLN,COUNTY,TWO HARBORS CAMPGROUND,33.4427778,-118.4866667,CI11,,CA,531.267541417,143.333040614,0.0,0.0
75424,NRSO,FEDERAL,UNION FLAT,39.5675,-120.7447222,UNFL,,CA,268.631042584,21.7424697705,0.0,0.0
71588,NRSO,FEDERAL,UPPER BILLY CREEK CG,37.2380556,-119.2277778,BICR,,CA,237.011212155,91.5970527915,0.0,0.0
71718,NRSO,FEDERAL,UPPER LITTLE TRUCKEE,39.4908333,-120.2438889,UPLI,,CA,280.577616898,30.5404016121,11.0,11.0
70165,NRSO,FEDERAL,UPPER OSO CAMPGROUND,34.5558333,-119.7538889,UPPO,,CA,363.801251256,147.208141203,4.0,4.0
70925,NRSO,FEDERAL,UPPER PINES,37.7361111,-119.5625,CG65,,CA,211.44845359,76.893868509,0.0,0.0
70524,NRSO,FEDERAL,UPPER SAGE FLAT,37.1258333,-118.4338889,UPSF,,CA,308.032193242,93.1242303344,1.0,1.0
94468,NRSO,FEDERAL,UPPER STONY CREEK CAMPGROUND,36.6647222,-118.8316667,F468,,CA,282.620349667,104.18081339,0.0,0.0
120097,CA,STATE,VANDAMME SP,39.2763889,-123.7733333,VAND,,CA,270.92397406,323.633642928,0.0,0.0
71584,NRSO,FEDERAL,VERMILLION,37.3791667,-119.0097222,VERI,Lakefront,CA,255.903204929,87.8408962186,13.0,13.0
70924,NRSO,FEDERAL,WAWONA,37.5730556,-119.665,CG66,,CA,199.576053886,81.4676848414,0.0,0.0
70355,NRSO,FEDERAL,WENCH CREEK,38.8902778,-120.3772222,WENC,,CA,219.131402627,37.1221842129,0.0,0.0
71729,NRSO,FEDERAL,WEST EAGLE CAMPGROUND,40.5486111,-120.7813889,WEEA,,CA,370.881510201,14.8442539806,,
70392,NRSO,FEDERAL,WHEELER GORGE,34.5119444,-119.2736111,WHEE,,CA,392.427523492,142.089427307,32.0,32.0
70647,NRSO,FEDERAL,WHITE CLOUD,39.3205556,-120.8452778,WHIC,,CA,239.985944507,22.338406992,10.0,10.0
71539,NRSO,FEDERAL,WHITE RIVER,35.8458333,-118.6347222,WTRI,,CA,335.114698627,118.446548267,5.0,5.0
109333,NRSO,FEDERAL,WHITEHORSE CAMPGROUND,39.8880556,-121.1411111,B333,,CA,292.168235822,12.9044344551,9.0,9.0
70357,NRSO,FEDERAL,WHITNEY PORTAL,36.5898611,-118.2297778,WHTP,,CA,336.558629481,102.989006403,0.0,0.0
73497,NRSO,FEDERAL,WILD HORSE EQUESTRIAN FAMILY,34.2019444,-116.7672222,WILH,,CA,578.945695597,125.331042178,0.0,0.0
75434,NRSO,FEDERAL,WILD PLUM,39.5663889,-120.5991667,WIPL,,CA,273.53534976,24.1666182023,20.0,20.0
71585,NRSO,FEDERAL,WISHON,36.1875,-118.6625,WISO,,CA,315.329108444,112.71317962,15.0,15.0
71721,NRSO,FEDERAL,WISHON BASS LAKE,37.2972222,-119.5338889,WISN,,CA,209.683632916,90.2062690622,0.0,0.0
70757,NRSO,FEDERAL,WOLF CREEK CALIFORNIA,38.8830556,-120.4,WOLA,,CA,217.287449045,36.8435245389,1.0,1.0
71520,NRSO,FEDERAL,WOODCAMP CAMPGROUND,39.4855556,-120.5477778,WOCA,,CA,267.368689147,25.8362416379,14.0,14.0
70150,NRSO,FEDERAL,WOODED HILL GROUP,32.8502778,-116.42,WOOH,,CA,704.294768655,133.317608113,0.0,0.0
120098,CA,STATE,WOODSON BRIDGE SRA,39.9175,-122.0902778,WOOD,,CA,288.235586778,356.877049388,34.0,34.0
1040012,STAN,COUNTY,WOODWARD RESERVOIR REGIONAL PARK,37.8469444,-120.8770056,WOOD,90,CA,107.430097713,57.2005406205,58.0,58.0
70152,NRSO,FEDERAL,WRIGHTS LAKE,38.8494444,-120.2311111,WRIG,,CA,223.726679368,40.3890845086,0.0,0.0
72430,NRSO,FEDERAL,WYANDOTTE A CAMPGROUND,39.745,-120.9875,WYAC,Lakefront,CA,280.234061713,16.2698217272,0.0,0.0
70359,NRSO,FEDERAL,YELLOWJACKET,38.8916667,-120.3916667,YEL1,,CA,218.485354125,36.8392136896,0.0,0.0
70762,NRSO,FEDERAL,YUBA PASS CAMPGROUND,39.6175,-120.4994444,YUBA,,CA,282.343366473,25.250151675,16.0,16.0
